source,phase,component,formula_mole_fraction,explicit_mole_fraction,phase_fraction,density_mol_m3
current_native_ipopt_source_like_nacl,aq,H2O,0.8798687531975844,0.7983247546678951,0.38623356376089746,54825.28876234033
current_native_ipopt_source_like_nacl,aq,Butanol,0.017987353539814954,0.016320331355798044,0.38623356376089746,54825.28876234033
current_native_ipopt_source_like_nacl,aq,NaCl,0.10214389326260062,,0.38623356376089746,54825.28876234033
current_native_ipopt_source_like_nacl,aq,KCl,0.0,,0.38623356376089746,54825.28876234033
current_native_ipopt_source_like_nacl,org,H2O,0.3716299396753804,0.370060216796647,0.6137664362391025,15453.366060497221
current_native_ipopt_source_like_nacl,org,Butanol,0.6241282564032975,0.6214920091617647,0.6137664362391025,15453.366060497221
current_native_ipopt_source_like_nacl,org,NaCl,0.004241803921322167,,0.6137664362391025,15453.366060497221
current_native_ipopt_source_like_nacl,org,KCl,0.0,,0.6137664362391025,15453.366060497221
