series,phase,w_water,w_butanol,w_total_salt,x_plot,y_plot
paper_case2,org,0.16175842220132733,0.8375571621675565,0.0006844156311161801,0.8378993699831145,0.0005927213232937712
paper_case2,aq,0.8676448224233521,0.04523916781729498,0.08711600975935303,0.08879717269697149,0.07544467752793281
current_ipopt,aq,0.6845964710001686,0.05758213998753154,0.2578213890122998,0.18649283449368143,0.22327987252364173
current_ipopt,org,0.12583600893666205,0.8695045416031584,0.004659449460179512,0.8718342663332481,0.004035201600165146
current_feed,feed,0.2374202891292158,0.7073639054852932,0.05521580538549099,0.7349718081780386,0.04781829015425282
