tie_line,temperature_K,salt_wtfrac,x_water_total,x_ethanol_total,x_isobutanol_total,x_nacl_total,x_water_salt_free,x_ethanol_salt_free,x_isobutanol_salt_free,ethanol_total_feed_wtfrac,source
1,293.15,0.05,0.7490917605469083,0.013693284488625435,0.21044057604658695,0.026774378917879427,0.7697,0.014069999999999997,0.21623,,digitized_user_supplied
2,293.15,0.05,0.7397570560437505,0.020392866116918987,0.21279216357019803,0.027057914269132545,0.76033,0.020960000000000003,0.21871,,digitized_user_supplied
3,293.15,0.05,0.7286888382548785,0.025752983526398286,0.2181028733243988,0.027455304894324493,0.7492599999999999,0.026479999999999993,0.22425999999999996,,digitized_user_supplied
4,293.15,0.05,0.7198946513021484,0.03377833329223333,0.21864518731791907,0.02768182808769922,0.74039,0.03474,0.22487000000000001,,digitized_user_supplied
5,293.15,0.05,0.7111047347235346,0.04180967661917545,0.21917758166299672,0.027908006994293088,0.73152,0.04301,0.22547,,digitized_user_supplied
6,293.15,0.05,0.6894113905244472,0.05650706014767802,0.2254939637627729,0.02858758556510196,0.7097,0.05817,0.23213,,digitized_user_supplied
7,293.15,0.05,0.6658945357418775,0.07251932299132034,0.23226373451162002,0.02932240675518216,0.6860099999999999,0.07471,0.23928,,digitized_user_supplied
8,293.15,0.05,0.6436050093014956,0.08851254253705516,0.2378829143209579,0.029999533840491477,0.6635099999999999,0.09125,0.24524,,digitized_user_supplied
