closure_name,closure_label,repeat_count,elapsed_median_seconds,elapsed_iqr_seconds,elapsed_min_seconds,elapsed_max_seconds,speedup_median
implicit_exact_mass_action,Exact implicit,7,0.0011813000000984175,0.0004351500010670861,0.0007905999991635326,0.0015711999985796865,1.0
damped_picard_7_05,Picard,7,0.00023659999897063244,8.6699998973927e-05,0.0001443999990442535,0.00026869999965128954,5.0667482779890305
