closure_name,repeat_count,elapsed_median_seconds,elapsed_iqr_seconds,elapsed_min_seconds,elapsed_max_seconds,speedup_median
explicit_damped_picard_unroll_3,7,0.00016560000040044542,4.394999996293336e-05,0.00013179999950807542,0.00022009999884176068,11.011013192855
explicit_damped_picard_unroll_5,7,0.00017040000057022553,1.995000184251694e-05,0.00014870000086375512,0.00021500000002561137,9.624999974647302
explicit_picard3_diag_newton1,7,0.00018529999942984432,4.310000076657161e-05,0.00013129999933880754,0.0002480999992258148,8.815974117616385
implicit_exact_mass_action,7,0.0016228999993472826,0.00014895000003889436,0.001439800000298419,0.002179299999625073,1.0
