{
  "row_count": 26,
  "paper_constants": {
    "Li": 3.2983e-09,
    "Na": 1.1476e-12
  },
  "paper_lnK": {
    "Li": -19.52985865272526,
    "Na": -27.493348310803476
  },
  "median_lnQ_at_experimental_rows": {
    "Li": 12.98698844043317,
    "Na": 10.47924247691456
  },
  "mean_lnQ_at_experimental_rows": {
    "Li": 13.177976244425242,
    "Na": 10.699383753961882
  },
  "median_lnQ_minus_lnK": {
    "Li": 32.51684709315843,
    "Na": 37.97259078771803
  },
  "package_phase_tagged_cross_phase": {
    "evaluated_rows": 26,
    "reaction_phase_scope": "phase_tagged_cross_phase",
    "native_reaction_residual_size": 2,
    "median_native_cross_phase_residual": {
      "Li": 408.0347979740192,
      "Na": 396.55895776445834
    },
    "median_abs_native_cross_phase_residual": {
      "Li": 408.0347979740192,
      "Na": 396.55895776445834
    },
    "max_phase_charge_balance_norm": 4.0000063880282245e-07,
    "max_element_balance_norm": 5.10702591327572e-15
  },
  "max_abs_charge_residual": 8.000012776017418e-07,
  "median_abs_complex_error_from_paper_K": {
    "RLi": 0.004442850658281856,
    "RNa": 0.020811015739249972
  },
  "mean_relative_complex_error_from_paper_K": {
    "RLi": 0.9999999980654698,
    "RNa": 0.9999999980656575
  },
  "effective_constants_implied_by_experimental_rows": {
    "Li_median": 436694.19234763924,
    "Na_median": 35569.45265205747,
    "Li_geomean": 528594.1660182575,
    "Na_geomean": 44328.52943084828
  },
  "status": "source_mismatch"
}
