method,born_weight,dh_weight,hc_weight,disp_weight,assoc_weight,born_rmse,dh_rmse,hc_rmse,disp_rmse,assoc_rmse,score_sum_rmse
mu_baseline,0.0,0.0,0.0,0.0,0.0,0.2864555086052383,0.6837795425991543,0.1064031901959576,0.09969119164352348,0.39914470318504797,1.5754741362289217
add_z_to_dh,0.0,1.0,0.0,0.0,0.0,0.2864555086052383,0.5727063381145219,0.1064031901959576,0.09969119164352348,0.39914470318504797,1.4644009317442892
add_z_to_hc,0.0,0.0,1.0,0.0,0.0,0.2864555086052383,0.6837795425991543,0.04868150098147099,0.09969119164352348,0.39914470318504797,1.517752447014435
add_z_to_disp,0.0,0.0,0.0,1.0,0.0,0.2864555086052383,0.6837795425991543,0.1064031901959576,0.03872657447768312,0.39914470318504797,1.5145095190630813
add_z_to_assoc,0.0,0.0,0.0,0.0,1.0,0.2864555086052383,0.6837795425991543,0.1064031901959576,0.09969119164352348,0.25850380981543064,1.4348332428593042
equal_split_nonborn,0.0,0.25,0.25,0.25,0.25,0.2864555086052383,0.6557802899121573,0.06790339748087745,0.06643208460395478,0.3639671308729829,1.4405384114752107
best_grid_sum1,0.0,0.0,0.6,0.0,0.4,0.2864555086052383,0.6837795425991543,0.015012208168895081,0.09969119164352348,0.3428647726460808,1.427803223662892
