contribution,best_scalar_z_weight,baseline_rmse,best_rmse
born,-2.03140785042098,0.2864555086052383,0.011762748990779913
dh,5.501127442434167,0.6837795425991543,0.2128421671511839
hc,0.6876276568127476,0.1064031901959576,0.006495577679332175
disp,0.7316280155579488,0.09969119164352348,0.013703299747595134
assoc,2.830106933845248,0.39914470318504797,0.018711167046593962
