phase,phase_fraction,g_hat_phase_j_per_mol,density_mol_m3
aq,0.38623356376089746,-88308.60932514418,54825.28876234033
org,0.6137664362391025,-6204.151887104334,15453.366060497221
