x_methanol,g_trans (kJ/mol)
0.00739,0.14516
0.0936,0.48387
0.19704,1.20968
0.29803,2.37097
0.40394,3.67742
0.50246,5.12903
0.60099,6.77419
0.69458,8.12903
0.79557,9.96774
0.89901,11.70968
0.99507,12.96774
