x_ethanol,g_trans (kJ/mol)
0.00988,0.32258
0.10123,2.17742
0.19753,5.24194
0.29877,8.62903
0.39753,11.53226
0.4963,13.87097
0.59753,15.56452
0.70123,16.93548
0.79753,18.06452
0.90123,20
0.99753,23.06452
