x_methanol,g_trans (kJ/mol)
0.01232,0.16181
0.10099,2.34628
0.19951,4.08576
0.30296,5.46117
0.40394,6.59385
0.50493,7.72654
0.60099,8.6165
0.69951,9.95146
0.80542,10.43689
0.89655,10.96278
0.99754,10.84142
