x_ethanol,g_trans (kJ/mol)
0.10099,3.13869
0.19704,3.86861
0.30296,4.45255
0.39655,5.47445
0.5,6.78832
0.59852,8.39416
0.69704,10
0.79803,12.33577
0.89901,15.10949
1,17.81022
