{
  "figure_id": "figure_05",
  "mae": 0.0014766626578058895,
  "matched_literature_points": 48,
  "max_abs": 0.010808672834688116,
  "normalized_mae": 0.006384739959382088,
  "signed_bias": 0.001306195839062261,
  "skipped_literature_points": 0,
  "y_unit": "bar"
}
