case_id,closure_name,target,derivative_abs_error,derivative_rel_error,speedup_vs_exact_implicit
pure_2b_moderate,damped_picard_7_05,a_assoc_density,2.220446049250313e-12,4.143408453305502e-13,5.955223876104465
pure_2b_moderate,damped_picard_7_05,a_assoc_strength,1.1102230246251565e-14,4.143408453305502e-13,5.955223876104465
pure_2b_moderate,damped_picard_7_05,pressure_proxy_density,1.1088352458443751e-10,1.0596055266365343e-10,5.955223876104465
cross_binary_asymmetric,damped_picard_7_05,a_assoc_density,0.0009773985162886412,0.0006277145774377741,6.801562513796371
cross_binary_asymmetric,damped_picard_7_05,a_assoc_strength,4.886992579361538e-06,0.0006277145771703921,6.801562513796371
cross_binary_asymmetric,damped_picard_7_05,pressure_proxy_density,0.00021776529640293862,0.0007173224122915339,6.801562513796371
cross_binary_asymmetric,damped_picard_7_05,a_assoc_composition_0,0.0002698557839686533,0.0021759791159097533,6.801562513796371
cross_binary_asymmetric,damped_picard_7_05,mu_proxy_composition_0,0.0002698557839686533,0.0021759791159097533,6.801562513796371
cross_binary_asymmetric,damped_picard_7_05,fugacity_proxy_composition_0,0.0006442984401555663,0.0008857152108962912,6.801562513796371
