case_id,closure_name,target,exact_derivative,closure_derivative,exact_implicit_elapsed_seconds,closure_elapsed_seconds,derivative_abs_error,derivative_rel_error,speedup_vs_exact_implicit
pure_2b_moderate,damped_picard_7_05,a_assoc_density,-5.358984213779117,-5.358984213776896,0.001835400000345544,0.0003082000002905261,2.220446049250313e-12,4.143408453305502e-13,5.955223876104465
pure_2b_moderate,damped_picard_7_05,a_assoc_strength,-0.026794921068895583,-0.02679492106888448,0.001835400000345544,0.0003082000002905261,1.1102230246251565e-14,4.143408453305502e-13,5.955223876104465
pure_2b_moderate,damped_picard_7_05,pressure_proxy_density,-1.046460421326896,-1.0464604214377795,0.001835400000345544,0.0003082000002905261,1.1088352458443751e-10,1.0596055266365343e-10,5.955223876104465
cross_binary_asymmetric,damped_picard_7_05,a_assoc_density,-1.5570747461023104,-1.558052144618599,0.0013058999993518228,0.0001919999995152466,0.0009773985162886412,0.0006277145774377741,6.801562513796371
cross_binary_asymmetric,damped_picard_7_05,a_assoc_strength,-0.007785373730511552,-0.007790260723090914,0.0013058999993518228,0.0001919999995152466,4.886992579361538e-06,0.0006277145771703921,6.801562513796371
cross_binary_asymmetric,damped_picard_7_05,pressure_proxy_density,-0.3035807785613069,-0.3037985438577098,0.0013058999993518228,0.0001919999995152466,0.00021776529640293862,0.0007173224122915339,6.801562513796371
cross_binary_asymmetric,damped_picard_7_05,a_assoc_composition_0,-0.12401579684087616,-0.1237459410569075,0.0013058999993518228,0.0001919999995152466,0.0002698557839686533,0.0021759791159097533,6.801562513796371
cross_binary_asymmetric,damped_picard_7_05,mu_proxy_composition_0,-0.12401579684087616,-0.1237459410569075,0.0013058999993518228,0.0001919999995152466,0.0002698557839686533,0.0021759791159097533,6.801562513796371
cross_binary_asymmetric,damped_picard_7_05,fugacity_proxy_composition_0,0.7274329629086695,0.726788664468514,0.0013058999993518228,0.0001919999995152466,0.0006442984401555663,0.0008857152108962912,6.801562513796371
