case_id,topology_id,closure_name,ares_assoc_rel_error,ares_total_abs_error,ares_total_rel_error,pressure_proxy_abs_error,pressure_proxy_rel_error,mu_proxy_max_abs_error,fugacity_proxy_max_abs_error,exact_implicit_elapsed_seconds,closure_elapsed_seconds,speedup_vs_exact_implicit,exact_iteration_count,evidence_band
pure_2b_low_total_context,2B,damped_picard_7_05,8.230437667975067e-14,8.881784197001252e-15,8.230341150990946e-14,2.671474153004283e-16,4.330909240905602e-14,0.0,0.0,0.0008247000005212612,0.00020059999951627105,4.111166513010725,38,candidate_accuracy
pure_3b_moderate_total_context,3B,damped_picard_7_05,0.0011097441215730801,0.0007030619512257141,0.0011097418294038139,9.709152054625247e-05,0.0018114364636870998,0.024775369193985597,3.804933674536495e-06,0.0013283999996929197,0.00010599999950500205,12.532075527323315,70,reject_for_provider_path
pure_4c_moderate_total_context,4C,damped_picard_7_05,9.563342355078661e-15,1.1102230246251565e-14,9.563331575441126e-15,2.1649348980190553e-14,2.2494598181011004e-13,8.881784197001252e-12,2.0562254190190175e-18,0.0007662999996682629,0.00012869999955000822,5.954156972397705,28,candidate_accuracy
