phase,component,expected_mole_fraction,actual_mole_fraction,absolute_error
liquid,Methane,0.1,0.09999838758947756,1.6124105224474272e-06
liquid,Ethane,0.3,0.29999765311157833,2.3468884216559793e-06
liquid,Propane,0.6,0.6000039592989441,3.95929894414504e-06
vapor,Methane,0.7246628928343289,0.7246554115499133,7.48128441563356e-06
vapor,Ethane,0.20293191372324873,0.20293567363033135,3.759907082623304e-06
vapor,Propane,0.0724051934424223,0.07240891481975549,3.7213773331906674e-06
