role,source,temperature_K,pressure_Pa,Methane,Ethane,Propane
feed,constructed_equal_phase_feed,233.15,1276369.47358564,0.41233144641716446,0.2514659568616244,0.3362025967212111
source_liquid,workbook,233.15,1276369.47358564,0.1,0.3,0.6
source_vapor,workbook,233.15,1276369.47358564,0.7246628928343289,0.20293191372324873,0.0724051934424223
solved_liquid,current_main_route,233.15,1276369.47358564,0.09999838758947756,0.29999765311157833,0.6000039592989441
solved_vapor,current_main_route,233.15,1276369.47358564,0.7246554115499133,0.20293567363033135,0.07240891481975549
