w%_NH4Cl in aqueous phase,w%_1-butanol in 1-butanol phase,w%_1-butanol in aqueous phase
0,79.26023778,7.001321004
4.256889764,81.90224571,5.944517834
7.332677165,84.67635403,5.019815059
10.48228346,85.33685601,4.755614267
11.26968504,86.52575958,3.830911493
18.7746063,87.71466314,3.698811096
20.00492126,88.24306473,3.434610304
22.17027559,89.96036988,3.038309115
