{
  "figure_id": "figure_09",
  "mae": 0.8773413488316537,
  "matched_literature_points": 19,
  "max_abs": 1.7987787557753734,
  "normalized_mae": 0.0067435922277605965,
  "signed_bias": -0.2877340414364705,
  "skipped_literature_points": 31,
  "y_unit": "degC"
}
