component,T_K,pressure_residual_mpa,pressure_residual_rel,z_experimental,z_provider,z_residual_abs,density_residual_rel
methanol,293.81,-3.708465280803237,-274.5790967572366,0.00022415316084130983,-0.06132361927824512,0.06154777243908643,0.0051079313304870765
methanol,307.39,-4.107892370223072,-152.07657227243715,0.00043554659991750134,-0.06580088738045066,0.06623643398036816,0.006232909092967155
methanol,316.01,-4.177763774364063,-103.10883494654384,0.0006422479717182216,-0.06557919213892843,0.06622144011064665,0.0067533478387462355
water,273.18,-0.9520281679629092,-1554.3824581421584,4.858915191839665e-06,-0.007547753624604177,0.007552612539796017,0.00019778434360965617
water,347.39,99.34506391362822,2657.3509138325057,0.0002390890705914187,0.6355826492940623,0.6353435602234708,-0.023421432118674094
water,364.61,94.8637440672848,1279.2284486600697,0.00045700030308301474,0.5850647890531496,0.5846077887500666,-0.023861536271875997
