component,T_K,abs_pressure_relative_residual,abs_density_relative_residual
methanol,293.81,274.5790967572366,0.0051079313304870765
methanol,307.39,152.07657227243715,0.006232909092967155
methanol,316.01,103.10883494654384,0.0067533478387462355
water,273.18,1554.3824581421584,0.00019778434360965617
water,347.39,2657.3509138325057,0.023421432118674094
water,364.61,1279.2284486600697,0.023861536271875997
