case_id,topology_id,site_count,closure_name,closure_label,exact_implicit_elapsed_median_seconds,closure_elapsed_median_seconds,speedup_vs_exact_implicit,exact_iteration_count_median
topology_2b_low,2B,2,damped_picard_7_05,Picard,0.0008066000009421259,0.00012029999925289303,6.704904455123914,38.0
topology_2b_moderate,2B,2,damped_picard_7_05,Picard,0.0006057999999029562,0.00010340000153519213,5.85880068576955,32.0
topology_3b_moderate,3B,3,damped_picard_7_05,Picard,0.0012757999993482372,0.00010509999992791563,12.138915320868346,70.0
topology_4c_moderate,4C,4,damped_picard_7_05,Picard,0.0009764999995240942,0.0001843999998527579,5.2955531469838535,28.0
