source,phase,component,formula_mole_fraction
Ascani_2022_Case2_paper,org,H2O,0.4425727817739209
Ascani_2022_Case2_paper,org,Butanol,0.5569657466065838
Ascani_2022_Case2_paper,org,NaCl,4.149744790695373e-05
Ascani_2022_Case2_paper,org,KCl,0.0004199741715884474
Ascani_2022_Case2_paper,aq,H2O,0.9627962796279628
Ascani_2022_Case2_paper,aq,Butanol,0.012201220122012201
Ascani_2022_Case2_paper,aq,NaCl,0.007600760076007601
Ascani_2022_Case2_paper,aq,KCl,0.0174017401740174
