,Li+,Na+,K+,F-,Cl-,Br-,I-
data low,3.181076672,7.145187602,8.760195759,18.59706362,11.64763458,9.641109299,5.823817292
data median,4.502446982,8.515497553,9.836867863,21.58238173,14.68189233,12.57748777,8.760195759
data high,5.823817292,9.836867863,10.96247961,24.5187602,17.71615008,15.56280587,11.74551387
advanced,23.88254486,10.4730832,-0.538336052,17.42251223,15.1223491,15.56280587,15.56280587
revised,14.045677,0.538336052,-8.955954323,1.566068515,4.893964111,6.460032626,7.977161501
