component,m,s,e,e_assoc,vol_a,assoc_scheme,z,dielc,d_born,f_solv,MW
CO2,2.079,2.7852,169.21,0,0,,0,1.4122,0,1,0.04401
MEA,3.0353,3.0435,277.174,2586.3,0.03747,2B,0,32,0,1,0.06108
H2O,1.2047,sigma=2.7927+(10.11*exp(-0.01775*T)-1.417*exp(-0.01146*T)),353.95,2425.7,0.04509,2B,0,78.09,0,1.5,0.01801528
MEAH+,1,3.48508556586,232.687201645,0,0,,1,8,3.53322927146,1,0.06209
MEACOO-,1,3.53543525721,453.265244384,0,0,,-1,8,3.54107030822,1,0.10408
HCO3-,1,2.9296,70,0,0,,-1,8,3,1,0.0610168
CO3^2-,1,2.4422,249.26,0,0,,-2,8,3,1,0.06001
H3O+,1,3.4654,500,0,0,,1,8,1.218,1,0.01902
OH-,1,2.0177,650,0,0,,-1,8,3.08107689400404,1,0.01701
