molality,miac,miac_m
0,1,1
0.327061,0.312499999519,0.306085048
0.636959,0.312499999736,0.300245096
0.903977,0.31578947407,0.298498403
1.244112,0.348684210645,0.322938669
1.527811,0.375000000091,0.3415605
1.797107,0.411184211274,0.368722624
2.229356,0.483552632181,0.423108557
2.782424,0.621710526508,0.527634494
3.156739,0.759868421357,0.632020825
3.475024,0.898026316262,0.734473988
