x,Na+,Cl-,I-
hc,-11.78571429,-11.07142857,-21.95530726
disp,14.375,18.21428571,29.83240223
assoc,2.678571429,2.589285714,4.525139665
Born,9.910714286,10.17857143,7.541899441
