x,Na+,Cl-,I-
hc,-12.27906977,-11.62790698,-18.87804878
disp,12.09302326,16.09302326,23.12195122
assoc,3.162790698,2.976744186,4.682926829
Born,15.34883721,15.72093023,10.09756098
