{
  "figure_id": "figure_06",
  "mae": 0.21374151001863978,
  "matched_literature_points": 23,
  "max_abs": 0.85863184452813,
  "normalized_mae": 0.004812934095400481,
  "signed_bias": 0.10497531310956465,
  "skipped_literature_points": 3,
  "y_unit": "bar"
}
