species,T_K,p_sat_nist_Pa,p_sat_route_Pa,absolute_relative_error_percent,rho_sat_liq_nist_kg_m3,rho_liquid_route_kg_m3,rho_sat_liq_absolute_relative_error_percent,phase_distance,seed_name
Ethane,280.0,2806735.8,2807102.224374943,0.013055178721956426,382.72712,382.9489182582049,0.05795206208666345,0.8573048915445864,pressure_density_root_1
Methane,180.0,3285180.7,3296149.852656765,0.33389800009371545,276.2285,271.0342836522084,1.8804056597315664,0.7766899445765605,separated_pressure_role_2
Propane,340.0,2431048.2,2431975.0226586503,0.03812440488222781,411.77408,409.7530616833226,0.4908075604655449,0.8611876912804184,pressure_density_root_0
