species,rows,mape_percent,max_ape_percent,liquid_density_mape_percent,liquid_density_max_ape_percent,min_temperature_K,max_temperature_K
Ethane,10,0.19206202714247153,0.3884242084830308,0.5782806256950956,0.9210179048945952,100.0,280.0
Methane,9,0.24933727526558996,0.42757399878769836,0.5112460812614082,1.8804056597315457,100.0,180.0
Propane,13,0.8444298286710281,3.785727452885233,0.28041294568627895,0.6281997934606008,100.0,340.0
