species,rows,mape_percent,max_ape_percent,liquid_density_mape_percent,liquid_density_max_ape_percent,min_temperature_K,max_temperature_K
Ethane,10,0.19206202714486142,0.3884242084824536,0.578280625695079,0.9210179048946197,100.0,280.0
Methane,9,0.2493372752656634,0.4275739987872583,0.5112460812614505,1.8804056597315664,100.0,180.0
Propane,13,0.8424471952683992,3.7857274528851645,0.2804129456916591,0.6281997934606008,100.0,340.0
