species,T_K,p_sat_nist_Pa,p_sat_route_Pa,absolute_relative_error_percent,rho_sat_liq_nist_kg_m3,rho_liquid_route_kg_m3,rho_sat_liq_absolute_relative_error_percent,phase_distance,seed_name
Ethane,280.0,2806735.8,2807102.224374923,0.013055178721243019,382.72712,382.9489182582045,0.05795206208655949,0.857304891544588,pressure_density_root_1
Methane,180.0,3285180.7,3296149.85265675,0.33389800009326187,276.2285,271.03428365220844,1.8804056597315457,0.7766899445765629,separated_pressure_role_2
Propane,340.0,2431048.2,2431975.022658655,0.03812440488241936,411.77408,409.75306168332287,0.49080756046547586,0.861187691280418,pressure_density_root_0
