closure,max_ares_total_rel_error,max_speedup_ratio
closure_2b_exact_reduction,6.845102559427763e-10,91.46814962429316
collapsed_donor_acceptor_mean_field,18.49401252244875,44.9245021664425
explicit_damped_picard_unroll_3,0.008869936389497669,65.5351355011918
explicit_damped_picard_unroll_5,0.0032471026354324445,36.927272765250756
explicit_picard3_diag_newton1,0.0054457732858865454,54.70502019021828
explicit_picard_unroll_1,0.017401737745051587,59.614013467520266
