closure,max_ares_total_rel_error,max_speedup_ratio
closure_2b_exact_reduction,6.845102559427763e-10,39.45355473627766
collapsed_donor_acceptor_mean_field,18.49401252244875,18.769497659430325
explicit_damped_picard_unroll_3,0.008869936389497669,27.074998201474344
explicit_damped_picard_unroll_5,0.0032471026354324445,20.240424281592844
explicit_picard3_diag_newton1,0.0054457732858865454,17.92046714879741
explicit_picard_unroll_1,0.017401737745051587,25.862744885905375
