tie_line,temperature_K,salt_wtfrac,x_water_total,x_ethanol_total,x_isobutanol_total,x_nacl_total,x_water_salt_free,x_ethanol_salt_free,x_isobutanol_salt_free,ethanol_total_feed_wtfrac,source
5,303.15,0.1,0.716532229808939,0.00790934848031259,0.21939475587692858,0.05616366583381972,0.75917,0.00838,0.23245,,digitized_user_supplied
4,303.15,0.1,0.7040462179807511,0.013172520209987132,0.2256960943065512,0.057085167502710574,0.7466700000000001,0.01397,0.23936000000000002,,digitized_user_supplied
3,303.15,0.1,0.6915095624177684,0.02105618354228491,0.22954537450012164,0.05788887953982501,0.7340000000000001,0.022350000000000002,0.24365000000000003,,digitized_user_supplied
2,303.15,0.1,0.6807885272013555,0.030242203266267725,0.23050735378728718,0.058461915745089556,0.72306,0.03212,0.24482,,digitized_user_supplied
1,303.15,0.1,0.6732574103166201,0.0354880934611478,0.2323336121370503,0.05892088408518178,0.71541,0.03771000000000001,0.24688,,digitized_user_supplied
