basis,species,mass_fraction,moles_on_1kg_feed,mole_fraction
formula,H2O,0.8094,44.92852733901443,0.9454943322104803
formula,Butanol,0.1728,2.331304235202694,0.04906092123630217
formula,NaCl,0.0054,0.0923980844850441,0.0019444631364948432
formula,KCl,0.0124,0.16632842083236643,0.0035002834167226415
explicit_ion,H2O,,44.92852733901443,0.9403742328474496
explicit_ion,Butanol,,2.331304235202694,0.04879524350242891
explicit_ion,Na+,,0.0923980844850441,0.0019339333595015447
explicit_ion,K+,,0.16632842083236643,0.0034813284655591703
explicit_ion,Cl-,,0.25872650531741054,0.005415261825060715
