phase,component,paper_mole_fraction,model_2020,model_2025_num
org,H2O,0.4426,0.5263835304668656,0.5379174698601334
org,Butanol,0.557,0.47299345688591865,0.43754682764639957
org,NaCl,4.15e-05,4.7708895759268136e-05,0.0030145859984133157
org,KCl,0.00042,0.00026380953946169027,0.00925328988833821
aq,H2O,0.9627,0.9641420801226697,0.9645391300291247
aq,Butanol,0.0122,0.024441353401753525,0.02545330050093124
aq,NaCl,0.0076,0.0020422270701308956,0.0018690422805822684
aq,KCl,0.0174,0.003666055472280503,0.0031347409748535373
