closure_name,perturbation_axis,base_value,step_size,first_derivative_left,first_derivative_right,derivative_jump_abs,relative_jump,smoothness_band
implicit_exact_mass_action,density,0.05,5e-05,-5.360116700465767,-5.357851727092466,0.0022649733733004496,0.0004225604590108337,mild_transition
implicit_exact_mass_action,association_strength_scale,10.0,0.01,-0.026800583502328834,-0.026789258635462332,1.1324866866502248e-05,0.0004225604590108337,mild_transition
implicit_exact_mass_action,composition_component_0,0.5,0.0005,-1.1102230246251565e-13,0.0,1.1102230246251565e-13,0.0,smooth
damped_picard_7_05,density,0.05,5e-05,-5.360116700461326,-5.357851727092466,0.0022649733688595575,0.0004225604581826771,mild_transition
damped_picard_7_05,association_strength_scale,10.0,0.01,-0.02680058350230663,-0.026789258635462332,1.1324866844297787e-05,0.0004225604581826771,mild_transition
damped_picard_7_05,composition_component_0,0.5,0.0005,-1.1102230246251565e-13,0.0,1.1102230246251565e-13,0.0,smooth
