component,m,s,e,e_assoc,vol_a,assoc_scheme,z,dielc,d_born,f_solv,MW,source
H2O,1.2047,2.7927+(10.11*exp(-0.01775*T)-1.417*exp(-0.01146*T)),353.95,2425.7,0.0451,2B,0,78.09,0,1.5,0.01801528,Yu2024 Table2; Ascani2023 Table1 default fill
TOP,4.2032,5.4506,280.4777,6393.5,0.0001,2B,0,1,0,1,0.38664,Yu2024 Table2
[HOEMIM][Tf2N],4.073,4.6432,434.6120,5000,0.1,2B,0,1,0,1,0.40731,Yu2024 Table2
Li+,1,2.8449,360.00,0,100,2B,1,8,2.784,1,0.00694,Yu2024 Table2
Mg2+,1,3.1327,1500,0,0,,2,8,4.0,1,0.024305,Yu2024 Table2
Cl-,1,2.7560,170.00,0,0,,-1,8,4.1,1,0.03545,Yu2024 Table2
