{
  "figure_id": "figure_02",
  "mae": 0.8111590059055981,
  "matched_literature_points": 12,
  "max_abs": 4.114769882679896,
  "normalized_mae": 0.0442530827007964,
  "signed_bias": 0.466915436336421,
  "skipped_literature_points": 2,
  "y_unit": "bar"
}
