row_index,rw_oa,e_exp_pct,e_calc_s11_pct,H2O,TBP,[emim][tcb],Li+,Cl-
0,0.522,75.39,78.16,0.9549140976171719,0.029015432040304778,0.006032546048615457,0.005018962146953909,0.005018962146953909
