source,phase,component,formula_mole_fraction,phase_fraction,density_mol_m3
current_native_ipopt_full_case2,aq,H2O,0.9735866303539698,0.9244681189588114,51254.4517211639
current_native_ipopt_full_case2,aq,Butanol,0.020569231440595834,0.9244681189588114,51254.4517211639
current_native_ipopt_full_case2,aq,NaCl,0.0020960628325416004,0.9244681189588114,51254.4517211639
current_native_ipopt_full_case2,aq,KCl,0.00374807537289274,0.9244681189588114,51254.4517211639
current_native_ipopt_full_case2,org,H2O,0.6034590566495395,0.07553188104118858,21044.52987150119
current_native_ipopt_full_case2,org,Butanol,0.3959589543091054,0.07553188104118858,21044.52987150119
current_native_ipopt_full_case2,org,NaCl,9.867453111068116e-05,0.07553188104118858,21044.52987150119
current_native_ipopt_full_case2,org,KCl,0.00048331451024439864,0.07553188104118858,21044.52987150119
