w_H2O,w_Methanol,w_Ethanol,x_H2O,x_Methanol,x_Ethanol,dielc
0.9,0.05,0.05,0.94970103214,0.0296662678775,0.0206326999825,71.231
0.8,0.1,0.1,0.893521989829,0.0628005962583,0.0436774139124,65.406
0.85,0.1,0.05,0.918144315364,0.0607352093769,0.0211204752587,68.539
0.7,0.15,0.15,0.830367769935,0.100048875591,0.0695833544745,59.863
0.6,0.2,0.2,0.758853334682,0.142227999409,0.0989186659086,54.581
0.85,0.05,0.1,0.926713757424,0.0306510388115,0.0426352037649,68.027
0.6,0.15,0.25,0.767159627723,0.107838604074,0.125001768203,54.104
0.6,0.1,0.3,0.77564977201,0.0726880348767,0.151662193113,53.627
