case_id,closure_name,target,target_pair,derivative_order,exact_hessian_value,picard_jax_hessian_value,absolute_error,relative_error,finite_difference_step,baseline_status,autodiff_backend,implicit_jacobian_condition_number,mass_action_residual_inf
pure_2b_moderate,damped_picard_7_05,density_density,density_density,2,45.29946207467716,45.29946162074847,4.5392869196803076e-07,1.0020619918614471e-08,1e-05,centered_finite_difference_exact_implicit,jax,1.73205080756888,5.10702591327572e-15
pure_2b_moderate,damped_picard_7_05,density_strength,density_strength,2,-0.3094010772870526,-0.309401076758503,5.285495929818751e-10,1.7082991359189852e-09,0.001,centered_finite_difference_exact_implicit,jax,1.73205080756888,5.10702591327572e-15
pure_2b_moderate,damped_picard_7_05,strength_strength,strength_strength,2,0.0011324865433551268,0.0011324865405187116,2.8364151305471097e-12,2.5045905818394016e-09,0.001,centered_finite_difference_exact_implicit,jax,1.73205080756888,5.10702591327572e-15
cross_binary_asymmetric,damped_picard_7_05,density_density,density_density,2,9.243961553051516,9.224555734584722,0.01940581846679379,0.0020992967523093767,1e-05,centered_finite_difference_exact_implicit,jax,1.435564042341744,1.3988810110276972e-14
cross_binary_asymmetric,damped_picard_7_05,density_strength,density_strength,2,-0.10948766190355119,-0.10968243051960254,0.00019476861605134677,0.0017789092639764327,0.001,centered_finite_difference_exact_implicit,jax,1.435564042341744,1.3988810110276972e-14
cross_binary_asymmetric,damped_picard_7_05,strength_strength,strength_strength,2,0.00023109903794608921,0.00023061389336461808,4.851445814711372e-07,0.0020992929515540075,0.001,centered_finite_difference_exact_implicit,jax,1.435564042341744,1.3988810110276972e-14
cross_binary_asymmetric,damped_picard_7_05,composition_composition,composition_composition,2,0.8234786657984604,0.8225273089318073,0.0009513568666531524,0.0011552902414669103,1e-05,centered_finite_difference_exact_implicit,jax,1.435564042341744,1.3988810110276972e-14
