tie_line,temperature_K,salt_wtfrac,x_water_total,x_ethanol_total,x_isobutanol_total,x_nacl_total,x_water_salt_free,x_ethanol_salt_free,x_isobutanol_salt_free,ethanol_total_feed_wtfrac,source
5,293.15,0.1,0.7142642807062246,0.006501117444174808,0.22279301174434768,0.05644159010525287,0.7569899999999999,0.00689,0.23611999999999997,,digitized_user_supplied
4,293.15,0.1,0.7037654348328896,0.012983453962552101,0.22613084704712205,0.05712026415743639,0.7464000000000001,0.01377,0.23983000000000002,,digitized_user_supplied
3,293.15,0.1,0.6871579877736509,0.022055806915082233,0.23253714105346307,0.05824906425780378,0.72966,0.023419999999999996,0.24691999999999997,,digitized_user_supplied
2,293.15,0.1,0.6784613362305384,0.029820407524985024,0.2330189988260746,0.058699257418402026,0.72077,0.03168,0.24755000000000002,,digitized_user_supplied
1,293.15,0.1,0.6673714150651796,0.03756897816417889,0.23568560763186433,0.0593739991387773,0.7094970949709497,0.03994039940399405,0.2505625056250563,,digitized_user_supplied
