contribution,best_beta,rmse_mu,rmse_beta
born,0.0,0.28645550860523833,0.28645550860523833
dh,12.29191030957673,1.1107529896297832,0.24393187166701058
hc,0.0948586081215816,0.0926197528685793,0.008142241855564565
disp,-0.14190044397727605,0.09969119164352348,0.013388696290666326
assoc,-0.9001083145088326,0.39914470318504797,0.024236026898711682
