contribution,method,rmse,mae,max_abs,n_points
born,mu,0.28645550860523833,0.23981999960859868,0.464199299487432,16
born,dBorn0_mu,0.016215656596273716,0.012995464836673843,0.03375797428098548,16
dh,mu,0.6837795425991543,0.6210581119198044,1.0429435699950709,35
hc,mu,0.10640319019595762,0.09266938164536243,0.1555956857667541,40
disp,mu,0.09969119164352348,0.08165315722756512,0.19672733526615094,35
assoc,mu,0.39914470318504797,0.3416540017475101,0.7031673712312974,38
total,model_total,0.5138080023748441,0.4968758304934587,0.6329182810622432,35
total,mu_sum,0.6339817671675184,0.6005892632861591,0.8628771728117356,35
