phase,reported_density_mol_m3,recomputed_density_mol_m3,relative_error
aq,51254.4517211639,51254.4517211639,0.0
org,21044.52987150119,21044.52987150119,0.0
