m (mol/kg),osmotic
0,0.987573964
0.004376368,0.976331361
0.008752735,0.966863905
0.048140044,0.94260355
0.09190372,0.931360947
0.498905908,0.920710059
0.997811816,0.934911243
1.400437637,0.952662722
1.794310722,0.972781065
1.995623632,0.984615385
2.49452954,1.013609467
2.997811816,1.044970414
3.496717724,1.080473373
4,1.117159763
