{
  "figure_id": "figure_03",
  "mae": 6.060491081463409,
  "matched_literature_points": 40,
  "max_abs": 15.168871525730083,
  "normalized_mae": 0.27673475257823743,
  "signed_bias": -6.060491081463409,
  "skipped_literature_points": 0,
  "y_unit": "degC"
}
