m (mol/kg),osmotic
0.043763676,0.941420118
0.100656455,0.926627219
0.49452954,0.906508876
0.993435449,0.907100592
1.391684902,0.91183432
1.803063457,0.921301775
2.008752735,0.927218935
2.498905908,0.939053254
2.997811816,0.952662722
3.492341357,0.969230769
3.98249453,0.985207101
