,Li+,Na+,K+,F-,Cl-,Br-,I-
data low,3.211267606,7.774647887,16.22535211,19.21126761,20.11267606,13.85915493,6.816901408
data median,13.12676056,17.8028169,19.26760563,29.23943662,23.21126761,21.91549296,16.90140845
data high,23.26760563,27.83098592,22.30985915,39.26760563,26.30985915,29.8028169,26.76056338
advanced,28.22535211,15.09859155,3.267605634,25.12676056,19.77464789,19.77464789,19.04225352
revised,12.95774648,-0.338028169,-9.690140845,0.676056338,4.056338028,5.690140845,7.211267606
