row_id,dielectric_rule,w_NH4Cl_aq_exp_wt_pct,w_NH4Cl_aq_model_wt_pct,w_1butanol_org_exp_wt_pct,w_1butanol_org_model_wt_pct,w_1butanol_aq_exp_wt_pct,w_1butanol_aq_model_wt_pct,abs_error_1butanol_org_wt_pct,abs_error_1butanol_aq_wt_pct,solver_residual_norm,gibbs_delta
0,linear-massfraction,0.0,0.0,79.26023778,85.58364874154259,7.001321003999999,1.5735103167570925,6.323410961542586,5.427810687242907,nan,nan
1,linear-massfraction,4.256889764,3.8929818703354546,81.90224571,86.31305867292025,5.944517834,0.8958989981228331,4.410812962920252,5.048618835877167,9.673319034675387e-09,-0.09772013143810554
2,linear-massfraction,7.332677165,7.03945866694122,84.67635403,86.84851526174306,5.019815059,0.5865700952943784,2.172161231743064,4.433244963705621,5.026216332026934e-09,-0.10748213763475523
3,linear-massfraction,10.48228346,10.092669427996476,85.33685601,87.33719295881058,4.755614267,0.39507117781444195,2.000336948810566,4.360543089185558,5.3169002534048104e-09,-0.12164432868663289
4,linear-massfraction,11.26968504,11.053044096577915,86.52575958,87.48466922077561,3.830911493,0.3497664350381255,0.9589096407756181,3.481145057961874,5.321028062610367e-09,-0.12169396207900807
5,linear-massfraction,18.7746063,18.937457950110563,87.71466314,88.57090552386508,3.698811096,0.13334790353516346,0.8562423838650801,3.5654631924648363,9.397173705849582e-09,-0.20305115513617045
6,linear-massfraction,20.00492126,19.828233518600314,88.24306473,88.67821335998929,3.434610304,0.12000640498773918,0.4351486299892904,3.3146038990122606,9.217746566037022e-09,-0.1549651372578844
7,linear-massfraction,22.17027559,22.74059785795592,89.96036988,89.00427782225545,3.038309115,0.08541686707764894,0.956092057744562,2.952892247922351,5.668313818318893e-09,-0.08639133398094145
