component,m,s,e,e_assoc,vol_a,assoc_scheme,z,dielc,d_born,f_solv,MW,source
H2O,1.2047,2.7927+(10.11*exp(-0.01775*T)-1.417*exp(-0.01146*T)),353.95,2425.7,0.04509,2B,0,78.09,0,1.5,0.01801528,Ascani2023 Table1
Acetic acid,1.3402,3.8582,311.59,3044.4,0.07555,2B,0,1,0,1,0.060052,Ascani2023 Table1
1-Pentanol,3.6260,3.4508,247.28,2252.1,0.01033,2B,0,1,0,1,0.08815,Ascani2023 Table1
1-Hexanol,3.5146,3.6735,262.32,2538.9,0.00575,2B,0,1,0,1,0.102177,Ascani2023 Table1
Pentyl Acetate,4.7077,3.4729,234.57,0.0,0.04509,2B,0,1,0,1,0.13019,Ascani2023 Table1
Hexyl Acetate,4.8847,3.5834,241.42,0.0,0.04509,2B,0,1,0,1,0.14421,Ascani2023 Table1
A,2.4000,3.2000,200.00,2500.0,0.05,2B,0,1,0,1,0.100,Ascani2023 Table3
B,1.0800,3.0000,400.00,2500.0,0.05,2B,0,1,0,1,0.100,Ascani2023 Table3
C,2.8000,3.8000,280.00,0,0,,0,1,0,1,0.100,Ascani2023 Table3
