Ion,Gsolv (kJ/mol)
Li,-486.4864865
Na,-378.3783784
K,-306.3063063
Cl,-312.8834356
Br,-289.5705521
I,-251.5337423
