x,Li+,Na+,K+,F-,Cl-,Br-,I-
data,-519.8263386,-413.3140376,-341.5340087,-419.1027496,-294.0665702,-267.4384949,-232.7062229
SAFT-VR,-919.2474674,-606.6570188,-493.1982634,-713.1693198,-419.1027496,-402.894356,-358.9001447
advanced,-555.7163531,-541.8234443,-445.7308249,-869.4645441,-558.0318379,-502.4602026,-423.7337192
revised,-6.946454414,11.57742402,16.20839363,10.41968162,8.104196816,6.946454414,3.473227207
