closure_variant,closure_name,picard_steps,damping,diagonal_polish,max_ares_assoc_rel_error,max_mass_action_residual_inf,median_elapsed_seconds,median_exact_implicit_elapsed_seconds,speedup_vs_exact_implicit,evidence_band,case_count
damped_picard_7_05,damped_picard_7_05,7,0.5,False,0.018611719333789824,0.09384305078637944,0.00018194999938714318,0.0012986999990971526,7.137675204570077,diagnostic_only,128
damped_picard_5_05,damped_picard_5_05,5,0.5,False,0.03676155995300584,0.1549067419546788,0.00014675000056740828,0.0011306500000500819,7.704599629835967,diagnostic_only,128
picard3_diag_newton1,picard3_diag_newton1,3,0.5,True,0.05227394881971113,0.19725670520780714,0.00013705000037589343,0.0010937999995803693,7.981028796646137,diagnostic_only,128
damped_picard_3_05,damped_picard_3_05,3,0.5,False,0.07473959326606539,0.24914795822722802,0.00016370000048482325,0.0015315500004362548,9.355833817350819,diagnostic_only,128
