case_id,closure_name,objective_value_exact,objective_value_closure,objective_abs_error,gradient_max_abs_error,hessian_proxy_max_abs_error,exact_implicit_elapsed_seconds,closure_elapsed_seconds,speedup_vs_exact_implicit,evidence_band
local_objective_cross_binary_proxy,damped_picard_3_05,-0.24322261932907385,-0.24338208967102154,0.00015947034194768728,0.006344896989612936,0.09291817038015182,0.002855799999906594,0.0002856999999494292,9.995799791431887,candidate_accuracy
local_objective_cross_binary_proxy,damped_picard_5_05,-0.24322261932907385,-0.24328498729928263,6.236797020878204e-05,0.002555744158527773,0.04229656416776528,0.002855799999906594,0.00013059999992037774,21.86676877218741,candidate_accuracy
local_objective_cross_binary_proxy,damped_picard_7_05,-0.24322261932907385,-0.24324528307034396,2.2663741270106952e-05,0.0009788285502965177,0.01946427879984114,0.002855799999906594,0.0002549999999246211,11.199215689218741,candidate_accuracy
local_objective_cross_binary_proxy,picard3_diag_newton1,-0.24322261932907385,-0.24332366075479747,0.00010104142572361918,0.004063460011666242,0.062359631347597144,0.002855799999906594,0.00029379999978118576,9.720217842183514,candidate_accuracy
