case_id,closure_name,objective_abs_error,gradient_max_abs_error,hessian_proxy_max_abs_error,speedup_vs_exact_implicit,evidence_band
local_objective_cross_binary_proxy,damped_picard_3_05,0.00015947034194768728,0.006344896989612936,0.09291817038015182,9.995799791431887,candidate_accuracy
local_objective_cross_binary_proxy,damped_picard_5_05,6.236797020878204e-05,0.002555744158527773,0.04229656416776528,21.86676877218741,candidate_accuracy
local_objective_cross_binary_proxy,damped_picard_7_05,2.2663741270106952e-05,0.0009788285502965177,0.01946427879984114,11.199215689218741,candidate_accuracy
local_objective_cross_binary_proxy,picard3_diag_newton1,0.00010104142572361918,0.004063460011666242,0.062359631347597144,9.720217842183514,candidate_accuracy
