tie_line,temperature_K,salt_wtfrac,x_water_total,x_ethanol_total,x_isobutanol_total,x_nacl_total,x_water_salt_free,x_ethanol_salt_free,x_isobutanol_salt_free,ethanol_total_feed_wtfrac,source
6,313.15,0.1,0.715931261244246,0.0054732641533428595,0.22226170793738684,0.056333766665024154,0.75867,0.0058000000000000005,0.23553000000000002,,digitized_user_supplied
5,313.15,0.1,0.704828988100735,0.013230159883138864,0.2249315778278769,0.05700927418824921,0.74744,0.01403,0.23853,,digitized_user_supplied
4,313.15,0.1,0.6931044922527884,0.02225729138729486,0.2269546414322594,0.057683574927657154,0.7355326446735533,0.023619763802361977,0.24084759152408478,,digitized_user_supplied
3,313.15,0.1,0.6778068511996935,0.03126080176696964,0.23223923552986292,0.05869311150347398,0.72007,0.03321,0.24672,,digitized_user_supplied
2,313.15,0.1,0.6716368264747903,0.036415575303773456,0.23291853630343784,0.05902906191799854,0.71377,0.03869999999999999,0.24752999999999997,,digitized_user_supplied
1,313.15,0.1,0.6642822550082234,0.04155232273749212,0.23468879793314643,0.059476624321138004,0.70629,0.04418,0.24953,,digitized_user_supplied
