{
  "figure_id": "figure_10",
  "mae": 24.450587207040886,
  "matched_literature_points": 60,
  "max_abs": 94.99954914129371,
  "normalized_mae": 0.14382698357082874,
  "signed_bias": -18.160020001945192,
  "skipped_literature_points": 12,
  "y_unit": "degC"
}
