tie_line,temperature_K,salt_wtfrac,x_water_total,x_ethanol_total,x_isobutanol_total,x_nacl_total,x_water_salt_free,x_ethanol_salt_free,x_isobutanol_salt_free,ethanol_total_feed_wtfrac,source
8,303.15,0.05,0.7506892866435153,0.01123133636864877,0.21132236271444602,0.026757014273389827,0.7713277132771327,0.011540115401154013,0.21713217132171322,,digitized_user_supplied
7,303.15,0.05,0.7371159254965377,0.01824891095111255,0.21740133840427206,0.02723382514807751,0.7577524224757752,0.01875981240187598,0.22348776512234877,,digitized_user_supplied
6,303.15,0.05,0.7278889133302384,0.026666729913174078,0.21797279997956626,0.027471556777021084,0.74845,0.02742,0.22413000000000002,,digitized_user_supplied
5,303.15,0.05,0.7181092483712306,0.033668358927588904,0.22045337530553807,0.02776901739564247,0.7386199999999999,0.03463,0.22674999999999998,,digitized_user_supplied
4,303.15,0.05,0.7070801412802963,0.04067253647526685,0.2241217117457895,0.028125610498647414,0.7275427245727543,0.041849581504184954,0.2306076939230608,,digitized_user_supplied
3,303.15,0.05,0.6895127935746928,0.053259120196802706,0.2285683671987898,0.028659719029714745,0.7098570985709858,0.054830548305483055,0.23531235312353124,,digitized_user_supplied
2,303.15,0.05,0.6666588588587206,0.07143293499237503,0.23259627507640854,0.029311931072495728,0.68679,0.07359,0.23962,,digitized_user_supplied
1,303.15,0.05,0.6445311229440901,0.08818602791350194,0.2373194558248625,0.029963393317545547,0.66444,0.09091,0.24465,,digitized_user_supplied
