tie_line,temperature_K,salt_wtfrac,x_water_total,x_ethanol_total,x_isobutanol_total,x_nacl_total,x_water_salt_free,x_ethanol_salt_free,x_isobutanol_salt_free,ethanol_total_feed_wtfrac,source
7,313.15,0.05,0.7491055139797306,0.013352553723174536,0.21076013369465582,0.026781798602439056,0.76972,0.01372,0.21656,,digitized_user_supplied
6,313.15,0.05,0.7376387440060127,0.02152958336721101,0.21370032907553413,0.02713134355124209,0.75821,0.022129999999999997,0.21965999999999997,,digitized_user_supplied
5,313.15,0.05,0.727400215691936,0.029702507771298323,0.21547447926428107,0.02742279727248451,0.74791,0.03054,0.22155000000000002,,digitized_user_supplied
4,313.15,0.05,0.7178558654650703,0.03650971509015643,0.21792070421189774,0.027713715232875594,0.7383173831738317,0.03755037550375504,0.22413224132241322,,digitized_user_supplied
3,313.15,0.05,0.7107620771819849,0.04332658485147036,0.21802303007601015,0.027888307890534425,0.7311526884731152,0.04456955430445696,0.22427775722242776,,digitized_user_supplied
2,313.15,0.05,0.6848789581038894,0.05825492073723877,0.2281052131435128,0.02876090801535905,0.7051599999999999,0.05998,0.23486,,digitized_user_supplied
1,313.15,0.05,0.6644907651791678,0.07454736661811076,0.23162099768767697,0.029340870515044547,0.6845768457684577,0.07680076800768007,0.23862238622386223,,digitized_user_supplied
