molality,miac,miac_m
0.04,0.5975276672,0.596
0.05,0.5754378144,0.5736
0.06,0.55773617088,0.5556
0.07,0.54312536392,0.5407
0.08,0.53080725184,0.5281
0.09,0.52018279584,0.5172
0.1,0.5110539824,0.5078
0.2,0.458805648,0.453
0.3,0.437756708,0.4295
0.4,0.4291244288,0.4184
0.5,0.42726456,0.414
0.6,0.429917472,0.414
0.7,0.4358094376,0.4171
