phase,component,source_mole_fraction,solved_mole_fraction,absolute_error
liquid1,perfluorohexane,0.2,0.19253198692922618,0.007468013070773827
liquid1,hexane,0.8,0.8074680130707738,0.007468013070773716
liquid2,perfluorohexane,0.5497,0.5397660336131663,0.009933966386833637
liquid2,hexane,0.4503,0.46023396638683367,0.009933966386833692
