quantity,component,phase,paper_ln_f_bar,current_ln_f_bar,current_minus_paper,current_basis,note
ln_f_H2O_bar,H2O,org,-3.521,-3.484442035305219,0.03655796469478112,component,
ln_f_H2O_bar,H2O,aq,-3.521,-3.4844420353053853,0.036557964694614586,component,
ln_f_Butanol_bar,Butanol,org,-5.088,-5.318813731577634,-0.23081373157763352,component,
ln_f_Butanol_bar,Butanol,aq,-5.088,-5.318813731903402,-0.23081373190340226,component,
ln_f_NaCl_bar,NaCl,org,-224.891,-199.36189552858826,25.529104471411728,mean_ionic_NaCl,
ln_f_NaCl_bar,NaCl,aq,-224.891,-199.36189552859742,25.529104471402576,mean_ionic_NaCl,
ln_f_KCl_bar,KCl,org,-206.733,-183.41057717791756,23.322422822082444,mean_ionic_KCl,
ln_f_KCl_bar,KCl,aq,-206.733,-183.41057717791537,23.322422822084633,mean_ionic_KCl,
