case_id,case_role,closure_name,site_count,composition,ares_assoc_exact,ares_assoc_closure,ares_assoc_rel_error,mass_action_residual_inf,exact_iteration_count,exact_implicit_elapsed_seconds,closure_elapsed_seconds,speedup_vs_exact_implicit,evidence_band
assoc_plus_inert_2b_x20,associating_plus_inert,damped_picard_7_05,2,0.2;0.8,-0.01827668407880787,-0.018276684078809113,6.795882685522731e-14,1.1102230246251565e-16,39,0.0009255000004486647,0.00018060000002151355,5.1245847194818195,candidate_accuracy
cross_assoc_binary_x30,cross_associating_binary,damped_picard_7_05,2,0.3;0.7,-0.08801087232417275,-0.08795244593702982,0.0006638541989190346,0.0010382012092016168,53,0.00127260000044771,0.0001250000004802132,10.180799964470044,reject_for_provider_path
unequal_delta_binary_x70,unequal_delta_binary,damped_picard_7_05,4,0.7;0.3,-0.2107116645300911,-0.21073566021459406,0.00011387924136267475,0.0002405233880831137,55,0.001174400000309106,0.0001436000002286164,8.178272969633834,candidate_accuracy
non_equimolar_3b_like_binary,non_equimolar_binary,damped_picard_7_05,4,0.15;0.85,-0.04348505095370751,-0.043506968275204776,0.0005040196807080883,0.00030217048680758474,48,0.0009083000004466157,0.00011409999933675863,7.960560961668616,candidate_accuracy
water_3b_4c_contrast_binary,water_3b_4c_contrast,damped_picard_7_05,7,0.5;0.5,-0.39448437112748513,-0.3945794994543614,0.00024114599674597917,0.0009554890870993038,58,0.0012965999994776212,0.00017250000018975697,7.516521727833674,candidate_accuracy
